wave,flux
0,0.26162922
1,0.25778997
2,0.16627674
3,0.051586688
4,0.1058638
5,0.019777944
6,0.040957633
7,0.0524182
8,0.05672177
9,0.08696003
10,0.07154707
11,0.024311787
12,0.08076671
13,0.0925041
14,0.08975178
15,0.13108954
16,0.1515733
17,0.17834353
18,0.22927506
19,0.17796575
20,0.19363831
21,0.29097798
22,0.19325556
23,0.16637729
24,0.14942116
25,0.2023551
26,0.2393128
27,0.21371801
28,0.21643247
29,0.16032776
30,0.11151328
31,0.05331015
32,0.03897665
33,0.077884845
34,0.08619048
35,0.11162107
36,0.11397602
37,0.061721463
38,0.06584142
39,0.14672603
40,0.17027706
41,0.25196394
42,0.28003684
43,0.2893345
44,0.3585285
45,0.42512715
46,0.36615804
47,0.45957413
48,0.43508154
49,0.34442127
50,0.279338
51,0.2607404
52,0.25660074
53,0.25147733
54,0.3157005
55,0.31197375
56,0.32788786
57,0.38984412
58,0.31810978
59,0.2983223
60,0.33276427
61,0.3405608
62,0.33398062
63,0.36375892
64,0.41787115
65,0.40943086
66,0.3991419
67,0.42096448
68,0.41010156
69,0.3460961
70,0.3360696
71,0.40939432
72,0.33177435
73,0.24760611
74,0.20972076
75,0.14427511
76,0.019072251
77,-0.019750707
78,-0.021863798
79,-0.007386157
80,0.003665616
81,0.0036958922
82,-0.001109633
83,-0.037733953
84,0.03533182
85,0.07103995
86,0.07024025
87,0.10834517
88,0.18390165
89,0.31016552
90,0.31408495
91,0.30378288
92,0.33898962
93,0.3689412
94,0.32751003
95,0.27282336
96,0.21717381
97,0.20364514
98,0.22216193
99,0.2478666
100,0.2814756
101,0.2897476
102,0.2059324
103,0.11122137
104,0.062116276
105,0.04841141
106,0.030287135
107,0.02434688
108,0.11171033
109,0.11145944
110,0.07703286
111,0.11976614
112,0.16848093
113,0.19735433
114,0.19613947
115,0.24694715
116,0.27632317
117,0.23915367
118,0.24651068
119,0.21682307
120,0.14634174
121,0.076853186
122,0.03067771
123,0.015359673
124,0.026006844
125,0.012027605
126,0.034704886
127,0.0027695824
128,-0.015668044
129,0.02567686
130,0.01902781
131,0.094282195
132,0.11005906
133,0.09451268
134,0.080167234
135,0.074697115
136,0.07858423
137,0.04627216
138,0.06999293
139,0.06308377
140,0.069509976
141,0.1095635
142,0.059248835
143,0.05045233
144,0.067627996
145,0.11963719
146,0.1413584
147,0.09793307
148,0.06551809
149,0.038863912
150,0.050686333
151,0.08468802
152,0.09566246
153,0.068922564
154,0.0467542
155,0.04099674
156,0.007835284
157,0.014667409
158,0.031258408
159,0.013991531
160,0.016209729
161,0.030977026
162,0.020454274
163,0.004511999
164,0.020855064
165,0.043569997
166,-0.0027140996
167,-0.006333682
168,0.0041535613
169,0.020350369
170,0.013972469
171,-0.01007999
172,0.0070265676
173,0.010480246
174,0.014180261
175,0.009155184
176,0.01949203
177,0.03711194
178,-0.0020772063
179,-0.015024323
180,-0.0060246745
181,-0.008894228
182,-0.0023426441
183,0.019259531
184,0.002557959
185,0.00451795
186,-0.00022649721
187,0.0010978113
188,0.009605767
189,0.004905311
190,-0.020216282
191,-0.0061575244
192,0.0015758212
193,-0.010015264
194,-0.017964646
195,0.00045347048
196,0.02735833
197,0.003896747
198,0.0020351782
199,0.004734014
200,0.00042682316
201,-0.005882081
202,-0.019342026
203,-0.03217808
204,0.0012715129
205,0.00047520362
206,-0.006755563
207,0.019009523
208,0.005017744
209,0.0010387094
210,0.0070115733
211,0.011577066
212,0.019137323
213,0.03184439
214,0.031407736
215,0.013724573
216,0.0029719656
217,0.022011457
218,0.038956128
219,0.027739197
220,0.025157023
221,0.02874086
222,0.02220824
223,0.013083131
224,0.014956865
225,0.017857866
226,-0.0023352623
227,0.017222216
228,0.04450155
229,0.040405612
230,0.04042099
231,0.06096475
232,0.04358241
233,0.081223875
234,0.044641186
235,0.0591483
236,0.11173333
237,0.13292758
238,0.18093695
239,0.16521786
240,0.17392139
241,0.16726086
242,0.15671018
243,0.17390312
244,0.18465392
245,0.21331681
246,0.2019466
247,0.22081116
248,0.24389341
249,0.23654
250,0.26750147
251,0.2218707
252,0.18452612
253,0.22363044
254,0.27692536
255,0.27517742
256,0.27294198
257,0.27670443
258,0.28466296
259,0.30288598
260,0.3247341
261,0.33030695
262,0.31174347
263,0.31901503
264,0.3423714
265,0.32105064
266,0.28515896
267,0.27939728
268,0.2724406
269,0.3337973
270,0.3125791
271,0.28742748
272,0.27704662
273,0.24641676
274,0.23172267
275,0.21453169
276,0.16063656
277,0.09502959
278,0.046859626
279,0.029997692
280,0.052634843
281,0.1285569
282,0.18334839
283,0.22822435
284,0.20515412
285,0.14324172
286,0.2363997
287,0.20462647
288,0.27444822
289,0.3213706
290,0.33489546
291,0.3719883
292,0.3355591
293,0.32915524
294,0.32388574
295,0.35266784
296,0.40180305
297,0.42249158
298,0.41170618
299,0.41031578
300,0.42412952
301,0.37596124
302,0.34646204
303,0.40267825
304,0.3903468
305,0.38857257
306,0.39180228
307,0.3941597
308,0.4162866
309,0.45193705
310,0.436621
311,0.4069347
312,0.41553944
313,0.4262323
314,0.42581183
315,0.40059462
316,0.2946812
317,0.18656176
318,0.19490823
319,0.24185921
320,0.2421312
321,0.21386474
322,0.24873076
323,0.26617536
324,0.33270577
325,0.36506945
326,0.3281987
327,0.26456955
328,0.21915594
329,0.23519725
330,0.23756987
331,0.18397807
332,0.107193545
333,0.05286017
334,0.01863204
335,0.046952877
336,0.058082167
337,0.09959723
338,0.1607294
339,0.18114619
340,0.16807209
341,0.15420221
342,0.20605075
343,0.24398741
344,0.23493671
345,0.20705108
346,0.16754124
347,0.13266408
348,0.12350754
349,0.08872852
350,0.07233248
351,0.15130359
352,0.26846498
353,0.31498748
354,0.33854336
355,0.34921154
356,0.3471069
357,0.34414756
358,0.3511473
359,0.34616935
360,0.31888062
361,0.2945769
362,0.28174207
363,0.2888006
364,0.33452296
365,0.31644464
366,0.3426236
367,0.35695747
368,0.3487864
369,0.3594109
370,0.3643744
371,0.36263564
372,0.35535273
373,0.35222846
374,0.37148815
375,0.3900066
376,0.3341181
377,0.30719018
378,0.3432237
379,0.3505742
380,0.33825722
381,0.35837442
382,0.34792426
383,0.3413578
384,0.33747572
385,0.33220297
386,0.31643867
387,0.28889802
388,0.26359725
389,0.208727
390,0.13131347
391,0.048146285
392,0.015190357
393,0.05704527
394,0.098726705
395,0.18804139
396,0.24327157
397,0.22101083
398,0.17938033
399,0.18717146
400,0.20255175
401,0.21128456
402,0.20353262
403,0.21000351
404,0.24579658
405,0.28561005
406,0.28811783
407,0.2906663
408,0.29144746
409,0.28880855
410,0.28692636
411,0.2920604
412,0.3063054
413,0.31820098
414,0.28693518
415,0.25730193
416,0.22025427
417,0.15500441
418,0.14689144
419,0.19560811
420,0.2675632
421,0.3259405
422,0.33567795
423,0.31130278
424,0.33647794
425,0.34193748
426,0.3543568
427,0.31891772
428,0.2508178
429,0.23059025
430,0.27193254
431,0.31135765
432,0.3202836
433,0.3298303
434,0.3374778
435,0.32877663
436,0.3384387
437,0.3153372
438,0.29478243
439,0.30947918
440,0.31707543
441,0.27828285
442,0.2703361
443,0.2873949
444,0.3123033
445,0.28827453
446,0.23063312
447,0.2100763
448,0.23735327
449,0.23548733
450,0.18308008
451,0.09832322
452,0.029267084
453,0.019687926
454,0.06469468
455,0.15334433
456,0.22890984
457,0.22577421
458,0.16380717
459,0.13201818
460,0.18173191
461,0.25411978
462,0.30297884
463,0.32859498
464,0.34808257
465,0.3643983
466,0.35228503
467,0.31266037
468,0.25047114
469,0.20843075
470,0.20071541
471,0.21916549
472,0.26943323
473,0.2848609
474,0.29386854
475,0.27428898
476,0.2532022
477,0.2778914
478,0.30285808
479,0.32722923
480,0.33449718
481,0.33240497
482,0.33756202
483,0.35062298
484,0.34297946
485,0.31148896
486,0.2879323
487,0.2699678
488,0.27726015
489,0.30587235
490,0.26365075
491,0.23864481
492,0.20718697
493,0.18120609
494,0.18743739
495,0.22269973
496,0.24552117
497,0.29193956
498,0.30671892
499,0.30788255
500,0.3196036
501,0.33287764
502,0.3302105
503,0.34358773
504,0.33787897
505,0.33092105
506,0.33169475
507,0.32884252
508,0.33121347
509,0.33425122
510,0.31177056
511,0.29965416
512,0.28626755
513,0.22930895
514,0.16982731
515,0.14857349
516,0.15524693
517,0.21118082
518,0.27140233
519,0.25039902
520,0.16376497
521,0.10302855
522,0.123838514
523,0.21123537
524,0.3009694
525,0.34056374
526,0.3497546
527,0.28963506
528,0.25012794
529,0.20913495
530,0.16711743
531,0.1595459
532,0.15071164
533,0.15935692
534,0.22213185
535,0.28311527
536,0.298119
537,0.2876403
538,0.30287567
539,0.31355217
540,0.31550008
541,0.29940656
542,0.26785213
543,0.23714323
544,0.22570466
545,0.2740863
546,0.29467583
547,0.2953168
548,0.30894104
549,0.3146832
550,0.23993672
551,0.15516473
552,0.1272495
553,0.17166229
554,0.23622583
555,0.25192407
556,0.23328488
557,0.23274396
558,0.21144338
559,0.20912147
560,0.22727036
561,0.23110926
562,0.25550553
563,0.23607153
564,0.1737309
565,0.10618299
566,0.07135304
567,0.08761961
568,0.13983543
569,0.19249873
570,0.2447373
571,0.26916972
572,0.2545313
573,0.22436383
574,0.2067041
575,0.17670733
576,0.16395263
577,0.17830107
578,0.22937238
579,0.2934743
580,0.27255723
581,0.24976653
582,0.23241761
583,0.23611832
584,0.2634405
585,0.28970185
586,0.2905199
587,0.2926686
588,0.22931588
589,0.1227336
590,0.04923014
591,0.053497095
592,0.0803337
593,0.12782493
594,0.17822103
595,0.23137945
596,0.2513036
597,0.21153481
598,0.20351377
599,0.2192058
600,0.25972524
601,0.2805156
602,0.27597335
603,0.28367049
604,0.29819104
605,0.30326828
606,0.31361797
607,0.3176871
608,0.31646532
609,0.32065693
610,0.30735767
611,0.29332444
612,0.25133657
613,0.17852758
614,0.11336837
615,0.09913161
616,0.11692765
617,0.14393565
618,0.15232481
619,0.18033622
620,0.24431123
621,0.30329758
622,0.31606966
623,0.31983623
624,0.3066277
625,0.2945721
626,0.29435593
627,0.29726395
628,0.30737206
629,0.34287953
630,0.31134242
631,0.30390283
632,0.33067662
633,0.30973214
634,0.33314943
635,0.30714378
636,0.29590794
637,0.2955079
638,0.3011776
639,0.32324955
640,0.31396633
641,0.31870562
642,0.31925172
643,0.3216727
644,0.3131902
645,0.27363852
646,0.25447917
647,0.26757717
648,0.25533953
649,0.18770903
650,0.11770422
651,0.13427848
652,0.21891007
653,0.27328178
654,0.275298
655,0.24214321
656,0.21321006
657,0.23431529
658,0.30783868
659,0.3232263
660,0.32401952
661,0.32926807
662,0.33213526
663,0.33040637
664,0.33491874
665,0.3436564
666,0.30787688
667,0.2710603
668,0.26730105
669,0.27906448
670,0.30065158
671,0.3151055
672,0.31107485
673,0.29699284
674,0.29465094
675,0.30673608
676,0.2886302
677,0.3050705
678,0.31233978
679,0.30508968
680,0.3032204
681,0.3139717
682,0.31589842
683,0.28757572
684,0.26330096
685,0.24574997
686,0.21837229
687,0.1855807
688,0.19297628
689,0.19507782
690,0.16912462
691,0.10242742
692,0.050076988
693,0.09263807
694,0.17693189
695,0.2527619
696,0.2976977
697,0.30336678
698,0.25899494
699,0.17172083
700,0.111856304
701,0.12124076
702,0.1790016
703,0.23373383
704,0.2701635
705,0.3040492
706,0.30998236
707,0.3053747
708,0.31388998
709,0.3143183
710,0.311916
711,0.33658388
712,0.343638
713,0.31802157
714,0.32497963
715,0.32462454
716,0.29909807
717,0.29456353
718,0.2947766
719,0.29654554
720,0.27902266
721,0.22290818
722,0.16436565
723,0.17096105
724,0.22300576
725,0.28789085
726,0.32233536
727,0.33130518
728,0.32718676
729,0.31295097
730,0.3104232
731,0.3140233
732,0.31391248
733,0.32570577
734,0.33439955
735,0.29959777
736,0.25066662
737,0.22241315
738,0.23828387
739,0.2725757
740,0.2887056
741,0.28733784
742,0.321693
743,0.32941326
744,0.32680604
745,0.32801172
746,0.3264012
747,0.3130385
748,0.30549222
749,0.30365604
750,0.31967035
751,0.31761616
752,0.30361366
753,0.31967452
754,0.30662674
755,0.3193936
756,0.33812794
757,0.30428457
758,0.24661323
759,0.2507185
760,0.25275463
761,0.31087255
762,0.31193182
763,0.29814592
764,0.30651143
765,0.2875141
766,0.2719378
767,0.23681414
768,0.18617064
769,0.18506435
770,0.24889714
771,0.30695322
772,0.3138784
773,0.29540125
774,0.2980274
775,0.30184224
776,0.29664326
777,0.30720386
778,0.31097496
779,0.30625102
780,0.2956485
781,0.27012625
782,0.24680208
783,0.26770082
784,0.31673095
785,0.29764116
786,0.2534717
787,0.18997666
788,0.12804234
789,0.116540365
790,0.113959774
791,0.13706136
792,0.21665475
793,0.2847001
794,0.29215804
795,0.265263
796,0.2094721
797,0.13977236
798,0.10189429
799,0.10807641
800,0.15542518
801,0.23164025
802,0.2851535
803,0.30027655
804,0.30553934
805,0.30876118
806,0.3114511
807,0.31719783
808,0.30704504
809,0.2873119
810,0.2858819
811,0.2773057
812,0.2557039
813,0.25750095
814,0.26596576
815,0.28022993
816,0.2735292
817,0.27926522
818,0.30358082
819,0.30461156
820,0.31609076
821,0.30267733
822,0.27639377
823,0.21517026
824,0.12471724
825,0.06275426
826,0.044862755
827,0.091546595
828,0.15375756
829,0.2068643
830,0.23369649
831,0.22429001
832,0.22934932
833,0.20041007
834,0.12014262
835,0.06460596
836,0.09295674
837,0.17388408
838,0.236725
839,0.2596052
840,0.2855653
841,0.29924986
842,0.2990223
843,0.31212804
844,0.27008474
845,0.23459494
846,0.21228799
847,0.16248854
848,0.106723085
849,0.13696675
850,0.23032928
851,0.28365
852,0.2795654
853,0.2771812
854,0.29278633
855,0.27799776
856,0.2617904
857,0.20085905
858,0.120195255
859,0.050749827
860,0.02454367
861,0.05841543
862,0.094503485
863,0.11473943
864,0.08895518
865,0.04210211
866,0.021783546
867,0.051959228
868,0.10632476
869,0.11711854
870,0.09728998
871,0.08249085
872,0.10562187
873,0.16697735
874,0.18760851
875,0.15533023
876,0.08968611
877,0.044437088
878,0.052128114
879,0.09058538
880,0.11945735
881,0.1212434
882,0.07488783
883,0.029222447
884,0.019707257
885,0.018199984
886,0.019894877
887,0.044510007
888,0.06906241
889,0.075837
890,0.06908501
891,0.061555985
892,0.04014871
893,0.027107647
894,0.028560659
895,0.030952925
896,0.02403078
897,0.014118662
898,0.009104633
899,0.0018230538
900,0.0011607147
901,0.0021684556
902,0.0010080264
903,0.0041303243
904,0.0029845037
905,-0.0023492258
906,-0.0017163202
907,0.0046903575
908,0.007034489
909,0.00033311747
910,0.0036587145
911,0.0023824328
912,-0.002103107
913,-0.00041973137
914,0.004851661
915,0.0006186707
916,0.00045969107
917,0.004732021
918,-0.0010762477
919,-0.0012191259
920,0.0084740985
921,0.0034102546
922,0.0022448609
923,-1.5303205E-05
924,0.0047701695
925,0.0028778869
926,-0.0050540147
927,0.0042217416
928,-0.00024037025
929,0.0006256341
930,0.007445918
931,0.0045379275
932,-0.004024692
933,0.0057408097
934,0.0074937623
935,0.012621016
936,0.019570023
937,0.02353879
938,0.029325264
939,0.045917235
940,0.05638438
941,0.06750198
942,0.07466271
943,0.07224052
944,0.07862095
945,0.11692929
946,0.12694937
947,0.1358072
948,0.1427533
949,0.15389521
950,0.17370187
951,0.18382062
952,0.15273656
953,0.114984274
954,0.116246164
955,0.1420628
956,0.16050789
957,0.1731005
958,0.20590101
959,0.2586264
960,0.3031243
961,0.3206693
962,0.32642397
963,0.3475937
964,0.34004626
965,0.35604694
966,0.36543277
967,0.36817026
968,0.37927547
969,0.3815599
970,0.3410718
971,0.28922626
972,0.29170623
973,0.34012923
974,0.38179785
975,0.39541605
976,0.44000563
977,0.46741006
978,0.47907507
979,0.4687034
980,0.44573876
981,0.45885172
982,0.5213689
983,0.5421012
984,0.5107427
985,0.47599882
986,0.48952588
987,0.56012875
988,0.63544685
989,0.6554103
990,0.6859287
991,0.7066004
992,0.69136006
993,0.6897804
994,0.67183757
995,0.66226
996,0.69448006
997,0.73749566
998,0.7464481
999,0.73213536
1000,0.7510931
1001,0.7322889
1002,0.71668786
1003,0.73393047
1004,0.7908152
1005,0.8813384
1006,0.9409122
1007,0.98773706
1008,1
1009,0.989991
1010,0.9771846
1011,0.9452206
1012,0.8803988
1013,0.84592855
1014,0.809629
1015,0.76412475
1016,0.7356378
1017,0.73359776
1018,0.7111637
1019,0.7039408
1020,0.69826204
1021,0.6876565
1022,0.67112917
1023,0.6470331
1024,0.6522217
1025,0.65006125
1026,0.646791
1027,0.63270205
1028,0.6095737
1029,0.61003023
1030,0.6059018
1031,0.5813065
1032,0.58788294
1033,0.594638
1034,0.5761143
1035,0.5846966
1036,0.5701575
1037,0.5551292
1038,0.5171277
1039,0.46153587
1040,0.44437152
1041,0.5097864
1042,0.5344711
1043,0.5230634
1044,0.53130007
1045,0.5384761
1046,0.5241271
1047,0.5310188
1048,0.5126991
1049,0.44617516
1050,0.38455218
1051,0.38821566
1052,0.44850284
1053,0.48090258
1054,0.48984435
1055,0.48490041
1056,0.49654636
1057,0.5087183
1058,0.50205123
1059,0.49837574
1060,0.48968875
1061,0.47325456
1062,0.48737136
1063,0.49418035
1064,0.47297505
1065,0.48941237
1066,0.48716903
1067,0.48249528
1068,0.4638111
1069,0.41259632
1070,0.34045246
1071,0.2863148
1072,0.22031637
1073,0.13315561
1074,0.15354002
1075,0.2616135
1076,0.3552605
1077,0.41435432
1078,0.4749353
1079,0.5011477
1080,0.50493836
1081,0.50462276
1082,0.50583875
1083,0.5070339
1084,0.5155545
1085,0.50963986
1086,0.5073965
1087,0.5041957
1088,0.4935008
1089,0.49776527
1090,0.51117814
1091,0.5209945
1092,0.53131604
1093,0.5138537
1094,0.4778708
1095,0.49605778
1096,0.49139813
1097,0.5059456
1098,0.49790433
1099,0.4881631
1100,0.5025516
1101,0.49229696
1102,0.4895735
1103,0.49585643
1104,0.49660933
1105,0.49197724
1106,0.48303047
1107,0.46104383
1108,0.45154777
1109,0.4594931
1110,0.45813432
1111,0.45428315
1112,0.4559673
1113,0.44051528
1114,0.44221687
1115,0.44128254
1116,0.43568322
1117,0.4276448
1118,0.42383263
1119,0.43178722
1120,0.42462066
1121,0.43606701
1122,0.4207788
1123,0.39809412
1124,0.40808395
1125,0.42029786
1126,0.41828284
1127,0.4132899
1128,0.39959928
1129,0.39667848
1130,0.40187162
1131,0.3589446
1132,0.30888435
1133,0.3232606
1134,0.353893
1135,0.3798574
1136,0.40175134
1137,0.39248678
1138,0.37195817
1139,0.3446992
1140,0.3356238
1141,0.353645
1142,0.37898624
1143,0.3826455
1144,0.3851116
1145,0.37081733
1146,0.3782492
1147,0.3859186
1148,0.37410685
1149,0.39296597
1150,0.3766523
1151,0.36390772
1152,0.37399572
1153,0.39046645
1154,0.3904246
1155,0.37633607
1156,0.36800912
1157,0.37278783
1158,0.36825994
1159,0.36509147
1160,0.3741768
1161,0.36771473
1162,0.37175977
1163,0.36948213
1164,0.37173063
1165,0.37324432
1166,0.3663811
1167,0.36783051
1168,0.36933762
1169,0.36807874
1170,0.36144882
1171,0.36117068
1172,0.37046403
1173,0.36591944
1174,0.3578797
1175,0.34748495
1176,0.3350069
1177,0.30289513
1178,0.26662388
1179,0.29763865
1180,0.34706888
1181,0.3570832
1182,0.3524348
1183,0.34184057
1184,0.32123917
1185,0.31787366
1186,0.34465718
1187,0.35151434
1188,0.35193384
1189,0.3502138
1190,0.3418187
1191,0.34182504
1192,0.3360037
1193,0.33808458
1194,0.33559418
1195,0.33334464
1196,0.33844876
1197,0.3305736
1198,0.31492686
1199,0.31864938
1200,0.3166936
1201,0.32069367
1202,0.34053206
1203,0.32735875
1204,0.31631187
1205,0.31955105
1206,0.31061444
1207,0.30287462
1208,0.31326517
1209,0.30852786
1210,0.31660613
1211,0.3037525
1212,0.28875023
1213,0.23942402
1214,0.14456724
1215,0.11971446
1216,0.19694014
1217,0.2649852
1218,0.30071005
1219,0.31322795
1220,0.28524193
1221,0.18946707
1222,0.14182778
1223,0.18169613
1224,0.24547088
1225,0.28496188
1226,0.295329
1227,0.2930689
1228,0.2992054
1229,0.3056321
1230,0.30588284
1231,0.3054449
1232,0.30756518
1233,0.30352408
1234,0.31204182
1235,0.30651456
1236,0.2977756
1237,0.27441847
1238,0.2361727
1239,0.24093181
1240,0.2640831
1241,0.29581276
1242,0.31199276
1243,0.30888644
1244,0.2942632
1245,0.2665568
1246,0.25426
1247,0.26304507
1248,0.29184055
1249,0.3110816
1250,0.29966813
1251,0.29212323
1252,0.29732567
1253,0.29821905
1254,0.29557326
1255,0.29319042
1256,0.29395628
1257,0.30040735
1258,0.2968282
1259,0.29949293
1260,0.29609504
1261,0.29871815
1262,0.31408516
1263,0.2983564
1264,0.28107208
1265,0.2731389
1266,0.2912079
1267,0.31150594
1268,0.30703053
1269,0.30657798
1270,0.30205274
1271,0.30285966
1272,0.3028281
1273,0.29721078
1274,0.29106152
1275,0.29494578
1276,0.30774492
1277,0.29701856
1278,0.28966427
1279,0.2987861
1280,0.30678952
1281,0.299522
1282,0.29659522
1283,0.3032363
1284,0.30691367
1285,0.30738232
1286,0.3064654
1287,0.2929889
1288,0.30257714
1289,0.30475676
1290,0.30441743
1291,0.3039697
1292,0.30070814
1293,0.30684865
1294,0.31034616
1295,0.30162594
1296,0.3050721
1297,0.3161434
1298,0.31292263
1299,0.30776107
1300,0.31505048
1301,0.31401566
1302,0.3079962
1303,0.30236465
1304,0.30557153
1305,0.3274338
1306,0.30392855
1307,0.3105377
1308,0.31684482
1309,0.31685403
1310,0.3284853
1311,0.31648317
1312,0.32158065
1313,0.30948433
1314,0.30090868
1315,0.30854553
1316,0.316079
1317,0.31131306
1318,0.31904683
1319,0.28250405
1320,0.19547662
1321,0.109981276
1322,0.09728848
1323,0.16757964
1324,0.1851091
1325,0.21256486
1326,0.2531301
1327,0.28906998
1328,0.30962503
1329,0.3067252
1330,0.31038198
1331,0.31194592
1332,0.31461236
1333,0.3116678
1334,0.299166
1335,0.30224523
1336,0.310413
1337,0.3036295
1338,0.30354628
1339,0.3089457
1340,0.30277288
1341,0.3017407
1342,0.30735642
1343,0.30450767
1344,0.305317
1345,0.30648443
1346,0.29858917
1347,0.30081615
1348,0.2982718
1349,0.28987306
1350,0.3010572
1351,0.30861187
1352,0.2869743
1353,0.29471564
1354,0.29501444
1355,0.29420263
1356,0.28910065
1357,0.2883533
1358,0.29641032
1359,0.28574628
1360,0.28631523
1361,0.29497403
1362,0.28483248
1363,0.2746226
1364,0.28793988
1365,0.27830482
1366,0.29160252
1367,0.28600934
1368,0.28460228
1369,0.2885965
1370,0.27942163
1371,0.28668776
1372,0.29363757
1373,0.28701192
1374,0.28804418
1375,0.2930436
1376,0.28319588
1377,0.27858013
1378,0.28745052
1379,0.28502846
1380,0.28086343
1381,0.2811617
1382,0.28084332
1383,0.28373554
1384,0.2845071
1385,0.28227004
1386,0.27830482
1387,0.2800416
1388,0.28760722
1389,0.28144163
1390,0.28282025
1391,0.28537074
1392,0.29480463
1393,0.29972345
1394,0.28626004
1395,0.28110343
1396,0.29163486
1397,0.2917617
1398,0.28860265
1399,0.2927827
1400,0.29861844
1401,0.29297972
1402,0.29316443
1403,0.2825838
1404,0.2629658
1405,0.25521505
1406,0.27458623
1407,0.2979404
1408,0.29290295
1409,0.29262665
1410,0.2945098
1411,0.29523286
1412,0.29916066
1413,0.2941145
1414,0.28432214
1415,0.29134545
1416,0.29886907
1417,0.29703987
1418,0.2978786
1419,0.3089276
1420,0.30171633
1421,0.29801095
1422,0.29811576
1423,0.29661337
1424,0.29449475
1425,0.2944511
1426,0.29917118
1427,0.29333833
1428,0.2847951
1429,0.28370658
1430,0.28732288
1431,0.28606302
1432,0.29955003
1433,0.29938027
1434,0.28048664
1435,0.26603207
1436,0.2690874
1437,0.2588565
1438,0.2814402
1439,0.29627708
1440,0.28571144
1441,0.27482364
1442,0.28659588
1443,0.2849898
1444,0.2782458
1445,0.27743095
1446,0.28489792
1447,0.28977987
1448,0.28036404
1449,0.26981565
1450,0.28407645
1451,0.28163445
1452,0.2713752
1453,0.26597652
1454,0.26435074
1455,0.275394
1456,0.28082067
1457,0.2726749
1458,0.26932955
1459,0.25902283
1460,0.23179269
1461,0.2512907
1462,0.25927913
1463,0.26526397
1464,0.2711203
1465,0.27112472
1466,0.27106416
1467,0.2888871
1468,0.27986383
1469,0.2753409
1470,0.27634275
1471,0.27685523
1472,0.27942532
1473,0.28027916
1474,0.2750536
1475,0.2701025
1476,0.26501855
1477,0.25967482
1478,0.2595403
1479,0.27037537
1480,0.27753815
1481,0.2699019
1482,0.26049986
1483,0.2628666
1484,0.27486548
1485,0.2803329
1486,0.2808358
1487,0.2711748
1488,0.26498714
1489,0.26613936
1490,0.26521277
1491,0.2658334
1492,0.27501157
1493,0.26878083
1494,0.27461052
1495,0.28556815
1496,0.27076304
1497,0.27369475
1498,0.26974314
1499,0.27037048
1500,0.26904318
1501,0.2672472
1502,0.27486688
1503,0.27779648
1504,0.27734032
1505,0.27203378
1506,0.27285445
1507,0.27667457
1508,0.2601952
1509,0.21158287
1510,0.17499281
1511,0.16186158
1512,0.15972774
1513,0.17738996
1514,0.22838585
1515,0.2665464
1516,0.26581925
1517,0.2699776
1518,0.27690098
1519,0.28156257
1520,0.28837478
1521,0.27789518
1522,0.28235048
1523,0.27434874
1524,0.2653005
1525,0.26771274
1526,0.2730599
1527,0.27480295
1528,0.2733477
1529,0.25848305
1530,0.26425615
1531,0.28025824
1532,0.26357257
1533,0.25566432
1534,0.25707
1535,0.2649394
1536,0.2570756
1537,0.23142718
1538,0.210012
1539,0.19843808
1540,0.19702785
1541,0.20911409
1542,0.23572564
1543,0.26157555
1544,0.270896
1545,0.28188965
1546,0.27182445
1547,0.2759368
1548,0.27823955
1549,0.27535382
1550,0.28490034
1551,0.2756054
1552,0.2670084
1553,0.28397775
1554,0.28529412
1555,0.2695493
1556,0.27669606
1557,0.27131686
1558,0.2780304
1559,0.28580478
1560,0.28531307
1561,0.2866702
1562,0.2976246
1563,0.286193
1564,0.27840355
1565,0.29805002
1566,0.30620492
1567,0.29028538
1568,0.27569532
1569,0.24257664
1570,0.21853112
1571,0.2486343
1572,0.2885591
1573,0.30074692
1574,0.29611278
1575,0.28332794
1576,0.2938681
1577,0.29468295
1578,0.28903866
1579,0.28797394
1580,0.29009488
1581,0.29870772
1582,0.29589295
1583,0.3088006
1584,0.31016424
1585,0.29584694
1586,0.30134243
1587,0.311149
1588,0.30466527
1589,0.3073382
1590,0.3063857
1591,0.30071664
1592,0.30681998
1593,0.2984969
1594,0.3114657
1595,0.31924537
1596,0.31550798
1597,0.31269926
1598,0.3165842
1599,0.31166905
1600,0.32520145
1601,0.31444684
1602,0.30718043
1603,0.31622604
1604,0.31146798
1605,0.3111659
1606,0.32222477
1607,0.31532714
1608,0.3088629
1609,0.31160757
1610,0.3078589
1611,0.31733203
1612,0.32147276
1613,0.3245426
1614,0.33032238
1615,0.33366385
1616,0.3304023
1617,0.33359045
1618,0.32505238
1619,0.32698554
1620,0.32513627
1621,0.3210732
1622,0.32997432
1623,0.30769518
1624,0.3327407
1625,0.32993096
1626,0.32076356
1627,0.33054578
1628,0.328696
1629,0.3184353
1630,0.3174274
1631,0.30808148
1632,0.3107134
1633,0.3195802
1634,0.3053016
1635,0.31411567
1636,0.30175754
1637,0.30118415
1638,0.30123958
1639,0.2907975
1640,0.2855454
1641,0.27986783
1642,0.2712708
1643,0.2612456
1644,0.26935363
1645,0.28865457
1646,0.28759432
1647,0.28178832
1648,0.28389716
1649,0.2894842
1650,0.28753835
1651,0.28494203
1652,0.29574838
1653,0.29416347
1654,0.29188296
1655,0.28546602
1656,0.28437424
1657,0.28750768
1658,0.28183904
1659,0.28160596
1660,0.28168306
1661,0.2842818
1662,0.29329723
1663,0.29555437
1664,0.27745286
1665,0.27712986
1666,0.2868962
1667,0.28056103
1668,0.27377966
1669,0.27576974
1670,0.27350923
1671,0.28309873
1672,0.2844892
1673,0.27581996
1674,0.28373244
1675,0.2942736
1676,0.271411
1677,0.28302458
1678,0.27682498
1679,0.28047284
1680,0.2775767
1681,0.26860586
1682,0.2818655
1683,0.2685969
1684,0.28134066
1685,0.28688815
1686,0.2806071
1687,0.2788368
1688,0.28231922
1689,0.26795572
1690,0.26896477
1691,0.26951218
1692,0.26462436
1693,0.26451054
1694,0.27320582
1695,0.267043
1696,0.25441873
1697,0.25101358
1698,0.25207692
1699,0.25718865
1700,0.27067342
1701,0.26461855
1702,0.2715533
1703,0.27627122
1704,0.2799973
1705,0.2791791
1706,0.2626045
1707,0.26088262
1708,0.2540999
1709,0.26576155
1710,0.26882738
1711,0.25858945
1712,0.26317713
1713,0.22372256
1714,0.20294774
1715,0.22101352
1716,0.24459685
1717,0.25508618
1718,0.26500833
1719,0.25459018
1720,0.2636572
1721,0.27161098
1722,0.26556212
1723,0.25864407
1724,0.26774707
1725,0.26790756
1726,0.25540057
1727,0.26922894
1728,0.27320036
1729,0.25582495
1730,0.2646427
1731,0.26291957
1732,0.25667202
1733,0.2568392
1734,0.24738087
1735,0.24094163
1736,0.26725468
1737,0.25468802
1738,0.2559689
1739,0.2598421
1740,0.25780776
1741,0.25743404
1742,0.26332274
1743,0.2574384
1744,0.27365267
1745,0.26331156
1746,0.24992904
1747,0.25696182
1748,0.25306374
1749,0.23939154
1750,0.23615327
1751,0.25451404
1752,0.26753289
1753,0.26249063
1754,0.26068088
1755,0.25529256
1756,0.25225425
1757,0.25396982
1758,0.25903347
1759,0.26138818
1760,0.2570775
1761,0.2598449
1762,0.26229757
1763,0.24965858
1764,0.24581726
1765,0.25621733
1766,0.24963458
1767,0.24578993
1768,0.2516217
1769,0.25179565
1770,0.24925263
1771,0.25093785
1772,0.25638658
1773,0.26990443
1774,0.24536283
1775,0.24042866
1776,0.24392895
1777,0.24240933
1778,0.26250827
1779,0.2577883
1780,0.2625448
1781,0.2578721
1782,0.25599137
1783,0.26466626
1784,0.26106206
1785,0.2545314
1786,0.26033485
1787,0.25864777
1788,0.25126123
1789,0.25490272
1790,0.26888612
1791,0.2547029
1792,0.25350028
1793,0.25315616
1794,0.25823233
1795,0.2626955
1796,0.24499254
1797,0.25159487
1798,0.2639204
1799,0.25600234
1800,0.2536284
1801,0.2635553
1802,0.24964574
1803,0.24744225
1804,0.25466225
1805,0.24975991
1806,0.24716575
1807,0.25330713
1808,0.24639715
1809,0.24582157
1810,0.23891473
1811,0.24723293
1812,0.25753042
1813,0.26394016
1814,0.2820933
1815,0.26238987
1816,0.25120735
1817,0.25192815
1818,0.25956553
1819,0.266318
1820,0.26212442
1821,0.2556026
1822,0.24488321
1823,0.25536904
1824,0.2602506
1825,0.25023112
1826,0.2635453
1827,0.26127335
1828,0.2568139
1829,0.25466853
1830,0.2523162
1831,0.2553965
1832,0.27206376
1833,0.27368578
1834,0.25656608
1835,0.24495156
1836,0.24634743
1837,0.24980085
1838,0.24697037
1839,0.25841492
1840,0.25941962
1841,0.2565321
1842,0.25260565
1843,0.24978745
1844,0.25360483
1845,0.251032
1846,0.25543213
1847,0.2575955
1848,0.25576502
1849,0.25773874
1850,0.26342514
1851,0.24852617
1852,0.25943238
1853,0.2631289
1854,0.25671554
1855,0.25604644
1856,0.25714883
1857,0.2513297
1858,0.2519738
1859,0.24525142
1860,0.24379596
1861,0.25277215
1862,0.24724174
1863,0.24043337
1864,0.2516902
1865,0.25898218
1866,0.2584755
1867,0.25676805
1868,0.2536816
1869,0.25699705
1870,0.2524599
1871,0.2542025
1872,0.25021482
1873,0.24087045
1874,0.25204313
1875,0.23915055
1876,0.25376484
1877,0.2631292
1878,0.2629981
1879,0.26167035
1880,0.24898918
1881,0.24899295
1882,0.25110635
1883,0.24659503
1884,0.2544616
1885,0.26776215
1886,0.24752685
1887,0.25460136
1888,0.2625214
1889,0.25103977
1890,0.24812435
1891,0.26149645
1892,0.25009212
1893,0.24911548
1894,0.24929203
1895,0.25439477
1896,0.26192388
1897,0.26140857
1898,0.2523483
1899,0.26572782
1900,0.25245044
1901,0.24932048
1902,0.25609446
1903,0.24019586
1904,0.18890014
1905,0.13016288
1906,0.109721854
1907,0.16230495
1908,0.22582619
1909,0.23893271
1910,0.2320766
1911,0.23153265
1912,0.2262724
1913,0.23762788
1914,0.24882703
1915,0.23342828
1916,0.20109977
1917,0.18015409
1918,0.22273988
1919,0.24404944
1920,0.24682006
1921,0.25757143
1922,0.23739515
1923,0.21970488
1924,0.21628103
1925,0.23426759
1926,0.2544871
1927,0.2552345
1928,0.24232592
1929,0.2406109
1930,0.2613473
1931,0.25779358
1932,0.24801731
1933,0.25671557
1934,0.25307196
1935,0.2579022
1936,0.25408605
1937,0.27187145
1938,0.2728168
1939,0.21492803
1940,0.17149721
1941,0.29159003
1942,0.29008156
1943,0.256922
1944,0.25747314
1945,0.26581544
1946,0.26142275
1947,0.24292287
1948,0.2513688
1949,0.24938487
1950,0.23836891
1951,0.23640746
1952,0.23307265
1953,0.2487258
1954,0.25649837
1955,0.25683165
1956,0.25694168
1957,0.2570517
1958,0.25716177
1959,0.2572718
1960,0.25738192
1961,0.257492
1962,0.25760213
1963,0.23097949
1964,0.2517071
1965,0.23458777
1966,0.17295198
1967,0.14192787
1968,0.13899392
1969,0.14068857
1970,0.16778077
1971,0.22664562
1972,0.24219094
1973,0.20991163
1974,0.19729848
1975,0.18369104
1976,0.1787562
1977,0.20600858
1978,0.23347355
1979,0.2645432
1980,0.26984876
1981,0.2630413
1982,0.25912502
1983,0.26005936
1984,0.2643179
1985,0.27375948
1986,0.26672298
1987,0.27570477
1988,0.28065267
1989,0.26353803
1990,0.2841526
1991,0.2815853
1992,0.2837834
1993,0.28654942
1994,0.28883815
1995,0.291152
1996,0.28099695
1997,0.28608865
1998,0.29338247
1999,0.29837742
2000,0.29162243
2001,0.27433765
2002,0.27489057
2003,0.28599438
2004,0.28833085
2005,0.2935725
2006,0.3049793
2007,0.30912042
2008,0.2991364
2009,0.30712533
2010,0.2981916
2011,0.29556382
2012,0.3022891
2013,0.30339134
2014,0.30598754
2015,0.29775944
2016,0.30102918
2017,0.3102815
2018,0.3069358
2019,0.29830524
2020,0.3197309
2021,0.307366
2022,0.3036469
2023,0.30059272
2024,0.30076417
2025,0.3128943
2026,0.3180893
2027,0.32936156
2028,0.32356527
2029,0.31794536
2030,0.3197984
2031,0.32318342
2032,0.32839465
2033,0.32051507
2034,0.3303696
2035,0.3375305
2036,0.33677107
2037,0.33905497
2038,0.34003514
2039,0.34885398
2040,0.35049507
2041,0.35278755
2042,0.3604323
2043,0.36542493
2044,0.35877022
2045,0.35709754
2046,0.37112933
2047,0.3710081
2048,0.36347634
2049,0.37557155
2050,0.39304304
2051,0.38126016
2052,0.38502043
2053,0.39362553
2054,0.39567393
2055,0.39726678
2056,0.40556237
2057,0.41945693
2058,0.41348597
2059,0.3986357
2060,0.3934024
2061,0.39653707
2062,0.38614416
2063,0.381637
2064,0.38143492
2065,0.38303012
2066,0.38068154
2067,0.37195724
2068,0.36387387
2069,0.3493918
2070,0.32444686
2071,0.31777897
2072,0.3273481
2073,0.3298667
2074,0.32518074
2075,0.32143375
2076,0.31910163
2077,0.31579375
2078,0.3156156
2079,0.32162106
2080,0.32319915
2081,0.3101292
2082,0.3121808
2083,0.31244382
2084,0.3079417
2085,0.30608487
2086,0.2970253
2087,0.30698404
2088,0.30427718
2089,0.29263395
2090,0.2872701
2091,0.2869403
2092,0.26742962
2093,0.23197718
2094,0.24056523
2095,0.25961918
2096,0.27414453
2097,0.2900961
2098,0.28596506
2099,0.2820472
2100,0.28078082
2101,0.2774033
2102,0.27214402
2103,0.27004528
2104,0.27338603
2105,0.27451462
2106,0.26998118
2107,0.27456337
2108,0.27955866
2109,0.26968798
2110,0.2632099
2111,0.27838436
2112,0.2741128
2113,0.26869324
2114,0.2660614
2115,0.26055184
2116,0.27044845
2117,0.26177135
2118,0.26024386
2119,0.25882375
2120,0.25580132
2121,0.25665796
2122,0.2542708
2123,0.25286886
2124,0.2506864
2125,0.25225016
2126,0.25581604
2127,0.25646555
2128,0.2551443
2129,0.24897204
2130,0.25267568
2131,0.21732505
2132,0.16327398
2133,0.16257976
2134,0.22211537
2135,0.24614432
2136,0.24591582
2137,0.25412545
2138,0.25510722
2139,0.23484583
2140,0.23887393
2141,0.22983094
2142,0.24321385
2143,0.2535234
2144,0.2497563
2145,0.24737054
2146,0.2500484
2147,0.24300323
2148,0.24358346
2149,0.24633992
2150,0.24213797
2151,0.23666638
2152,0.2456647
2153,0.24136136
2154,0.23519774
2155,0.22980803
2156,0.23395999
2157,0.24572837
2158,0.23773023
2159,0.23641656
2160,0.23518015
2161,0.23220873
2162,0.23268531
2163,0.23873356
2164,0.24143685
2165,0.23678751
2166,0.23397863
2167,0.2372739
2168,0.24079351
2169,0.2398086
2170,0.2392179
2171,0.22693399
2172,0.23834637
2173,0.24309203
2174,0.24721387
2175,0.24756038
2176,0.17618924
2177,0.16219063
2178,0.2296524
2179,0.2519606
2180,0.21546718
2181,0.20121664
2182,0.21868537
2183,0.21952693
2184,0.23365656
2185,0.23213251
2186,0.22186968
2187,0.231158
2188,0.2406442
2189,0.24528062
2190,0.24599501
2191,0.24046998
2192,0.23786171
2193,0.24062404
2194,0.22913358
2195,0.23006046
2196,0.2267515
2197,0.23329152
2198,0.24037871
2199,0.2328097
2200,0.23209144
2201,0.2259672
2202,0.23494993
2203,0.24375728
2204,0.24618544
2205,0.2446885
2206,0.23218912
2207,0.23486881
2208,0.23134913
2209,0.23123147
2210,0.23524006
2211,0.23582515
2212,0.23880932
2213,0.23349382
2214,0.23803778
2215,0.23906231
2216,0.23206142
2217,0.22883831
2218,0.23456714
2219,0.23062037
2220,0.23531753
2221,0.23973624
2222,0.23803273
2223,0.23190236
2224,0.22188254
2225,0.22977135
2226,0.23053586
2227,0.23220272
2228,0.23301205
2229,0.22866012
2230,0.2372617
2231,0.2375376
2232,0.23004785
2233,0.23531912
2234,0.24609399
2235,0.24132001
2236,0.22815992
2237,0.22377084
2238,0.22783023
2239,0.23466603
2240,0.23380983
2241,0.22608618
2242,0.2331098
2243,0.24006678
2244,0.23983599
2245,0.24299602
2246,0.24442357
2247,0.23418689
2248,0.22743565
2249,0.23808934
2250,0.22963895
2251,0.23070654
2252,0.23632436
2253,0.22569095
2254,0.22924869
2255,0.2337761
2256,0.22229917
2257,0.23240092
2258,0.24493732
2259,0.22907658
2260,0.23212162
2261,0.22324525
2262,0.22073641
2263,0.22625653
2264,0.2268823
2265,0.22145969
2266,0.23004095
2267,0.22233313
2268,0.22866616
2269,0.2328639
2270,0.22804712
2271,0.22458655
2272,0.22370732
2273,0.2304354
2274,0.23618248
2275,0.22846992
2276,0.22207297
2277,0.2298009
2278,0.22631893
2279,0.23171602
2280,0.23920211
2281,0.23873425
2282,0.23417936
2283,0.23563184
2284,0.24083915
2285,0.23623063
2286,0.22824411
2287,0.2333995
2288,0.2360485
2289,0.22482038
2290,0.2351224
2291,0.22883107
2292,0.2307874
2293,0.22543615
2294,0.22022872
2295,0.21740808
2296,0.16435994
2297,0.102209195
2298,0.10817079
2299,0.15784122
2300,0.19787921
2301,0.20705427
2302,0.21479863
2303,0.22645096
2304,0.22185574
2305,0.21783227
2306,0.2235559
2307,0.23238097
2308,0.2406932
2309,0.2471537
2310,0.23736243
2311,0.2334344
2312,0.23463851
2313,0.22616369
2314,0.22160241
2315,0.226783
2316,0.22408801
2317,0.22114217
2318,0.22452658
2319,0.229676
2320,0.22873423
2321,0.22244443
2322,0.21696222
2323,0.21563049
2324,0.21881688
2325,0.22549364
2326,0.23132229
2327,0.22137296
2328,0.22157994
2329,0.22642052
2330,0.23000243
2331,0.2332979
2332,0.23133154
2333,0.22207037
2334,0.21837264
2335,0.22868049
2336,0.23213115
2337,0.2192239
2338,0.23147547
2339,0.23696543
2340,0.21811527
2341,0.21319391
2342,0.2220898
2343,0.21993522
2344,0.22006011
2345,0.2193159
2346,0.21943921
2347,0.22054677
2348,0.22516787
2349,0.23008509
2350,0.22346725
2351,0.22733966
2352,0.22300756
2353,0.22453228
2354,0.23196091
2355,0.22828414
2356,0.21693537
2357,0.23671731
2358,0.23525696
2359,0.22550909
2360,0.2203867
2361,0.21729435
2362,0.22215754
2363,0.22402218
2364,0.22986406
2365,0.22441651
2366,0.21861175
2367,0.22637668
2368,0.2220457
2369,0.22900495
2370,0.22471474
2371,0.22291061
2372,0.2300125
2373,0.23052438
2374,0.21498944
2375,0.22774285
2376,0.22483869
2377,0.22489126
2378,0.2271338
2379,0.21967326
2380,0.22925434
2381,0.22369793
2382,0.2203911
2383,0.22190821
2384,0.22396441
2385,0.2174057
2386,0.1944108
2387,0.19782735
2388,0.20059101
2389,0.21079154
2390,0.2189324
2391,0.21240252
2392,0.21761644
2393,0.21573065
2394,0.21872126
2395,0.21576944
2396,0.21036679
2397,0.20829143
2398,0.19362938
2399,0.20436837
2400,0.20916845
2401,0.21613221
2402,0.21635082
2403,0.20367353
2404,0.21628846
2405,0.21223632
2406,0.20445077
2407,0.18784823
2408,0.14422153
2409,0.094680436
2410,0.116615646
2411,0.15275322
2412,0.17028058
2413,0.18975173
2414,0.21143942
2415,0.21786876
2416,0.21669
2417,0.21287276
2418,0.20026188
2419,0.16368344
2420,0.12766531
2421,0.12901825
2422,0.15444875
2423,0.17722557
2424,0.19466777
2425,0.19614154
2426,0.19688907
2427,0.20744452
2428,0.19545719
2429,0.20187567
2430,0.20596127
2431,0.20882756
2432,0.21123189
2433,0.2066584
2434,0.19781716
2435,0.20508613
2436,0.20635362
2437,0.19949396
2438,0.2002027
2439,0.20982765
2440,0.19899146
2441,0.19742247
2442,0.20788412
2443,0.20818466
2444,0.19950321
2445,0.1974476
2446,0.19788972
2447,0.20360497
2448,0.20164907
2449,0.20116574
2450,0.20332518
2451,0.20267351
2452,0.20534796
2453,0.20599669
2454,0.19820617
2455,0.19974238
2456,0.20929234
2457,0.20963973
2458,0.20152035
2459,0.20221339
2460,0.19818233
2461,0.20175074
2462,0.20365092
2463,0.19433983
2464,0.20527843
2465,0.20929646
2466,0.20369396
2467,0.20873223
2468,0.20776834
2469,0.18986988
2470,0.20435244
2471,0.19292001
2472,0.19757596
2473,0.19909252
2474,0.19518967
2475,0.20038334
2476,0.19610208
2477,0.19376886
2478,0.19177116
2479,0.1951429
2480,0.20082101
2481,0.20189892
2482,0.20228793
2483,0.20288257
2484,0.19726957
2485,0.19827996
2486,0.20296723
2487,0.20254906
2488,0.2084678
2489,0.20398255
2490,0.20177117
2491,0.1997536
2492,0.19330037
2493,0.19111422
2494,0.20752254
2495,0.19695067
2496,0.18897393
2497,0.1923566
2498,0.2015199
2499,0.20770514
2500,0.205184
2501,0.20642063
2502,0.19404027
2503,0.19319253
2504,0.20011088
2505,0.19717684
2506,0.20712191
2507,0.21291345
2508,0.20867452
2509,0.20602298
2510,0.20599288
2511,0.20439982
2512,0.2080047
2513,0.20220561
2514,0.20965321
2515,0.20640874
2516,0.20019063
2517,0.21267872
2518,0.21388367
2519,0.20272715
2520,0.20076795
2521,0.20621149
2522,0.20719777
2523,0.20039435
2524,0.19946146
2525,0.204863
2526,0.20628375
2527,0.1977805
2528,0.19789839
2529,0.2146622
2530,0.20722146
2531,0.19227847
2532,0.19693837
2533,0.206964
2534,0.20631574
2535,0.20027034
2536,0.20634827
2537,0.19991201
2538,0.20298032
2539,0.19889127
2540,0.19288246
2541,0.1995746
2542,0.19664878
2543,0.20460285
2544,0.2122477
2545,0.20886222
2546,0.20200989
2547,0.20293789
2548,0.20236446
2549,0.19421573
2550,0.19910628
2551,0.2002301
2552,0.19937196
2553,0.20631965
2554,0.20046437
2555,0.20586418
2556,0.19921385
2557,0.20102954
2558,0.20654932
2559,0.1976802
2560,0.19684741
2561,0.1940844
2562,0.20904775
2563,0.20656735
2564,0.19393924
2565,0.20206472
2566,0.20669585
2567,0.21151444
2568,0.20395854
2569,0.20313747
2570,0.21005806
2571,0.21024872
2572,0.20867519
2573,0.20550685
2574,0.20202999
2575,0.21133536
2576,0.21648641
2577,0.20165023
2578,0.20352161
2579,0.21067542
2580,0.21486868
2581,0.21041307
2582,0.20467983
2583,0.20375104
2584,0.19732413
2585,0.20890261
2586,0.20540461
2587,0.20691815
2588,0.21288216
2589,0.20627896
2590,0.20592359
2591,0.20781814
2592,0.20133261
2593,0.1973729
2594,0.20023653
2595,0.20407492
2596,0.20588955
2597,0.19976188
2598,0.20388453
2599,0.20760158
2600,0.20525457
2601,0.20456566
2602,0.2066526
2603,0.19123875
2604,0.19761421
2605,0.2063782
2606,0.20447235
2607,0.20029962
2608,0.19630808
2609,0.20297404
2610,0.20258842
2611,0.20031832
2612,0.20197842
2613,0.20456311
2614,0.20260514
2615,0.19478099
2616,0.207904
2617,0.20517227
2618,0.19479153
2619,0.20432885
2620,0.19464703
2621,0.19438995
2622,0.20712575
2623,0.20296389
2624,0.19552135
2625,0.20748805
2626,0.19971615
2627,0.19955201
2628,0.19914402
2629,0.20234005
2630,0.20465419
2631,0.19739756
2632,0.19117068
2633,0.20065321
2634,0.20346217
2635,0.20509322
2636,0.20266557
2637,0.1939794
2638,0.19891183
2639,0.171884
2640,0.15763913
2641,0.16216676
2642,0.1779267
2643,0.19382864
2644,0.19111723
2645,0.1920738
2646,0.19171353
2647,0.19430427
2648,0.19794321
2649,0.19733702
2650,0.19701421
2651,0.18928985
2652,0.1916809
2653,0.19830401
2654,0.19542284
2655,0.18803549
2656,0.20330334
2657,0.20485401
2658,0.20251629
2659,0.19696563
2660,0.19610769
2661,0.2047917
2662,0.20308542
2663,0.19912598
2664,0.19824648
2665,0.20281138
2666,0.20569669
2667,0.20215626
2668,0.20409966
2669,0.20380044
2670,0.20529483
2671,0.20066114
2672,0.19796391
2673,0.20670769
2674,0.20622419
2675,0.19943078
2676,0.19624148
2677,0.19810477
2678,0.20354466
2679,0.20793372
2680,0.20318787
2681,0.19959624
2682,0.20468031
2683,0.20487429
2684,0.20295066
2685,0.2052782
2686,0.19387391
2687,0.19835666
2688,0.19864912
2689,0.1955349
2690,0.19710843
2691,0.20305969
2692,0.20325634
2693,0.20041743
2694,0.20204286
2695,0.1990727
2696,0.19458565
2697,0.19464108
2698,0.18747924
2699,0.200204
2700,0.2034012
2701,0.19832528
2702,0.19230075
2703,0.18909408
2704,0.1949539
2705,0.19509746
2706,0.19335772
2707,0.1923937
2708,0.19616525
2709,0.20189059
2710,0.19454399
2711,0.19318998
2712,0.19463387
2713,0.19512361
2714,0.19500346
2715,0.19577484
2716,0.19532531
2717,0.18952495
2718,0.19755562
2719,0.19563447
2720,0.18778956
2721,0.19584595
2722,0.19946761
2723,0.19123302
2724,0.19308053
2725,0.19660263
2726,0.19668259
2727,0.19970995
2728,0.20398766
2729,0.19378501
2730,0.19193563
2731,0.19735779
2732,0.19881201
2733,0.19487217
2734,0.19981138
2735,0.20605814
2736,0.1919093
2737,0.19045465
2738,0.19886284
2739,0.19294463
2740,0.1974168
2741,0.1936953
2742,0.19766787
2743,0.19897154
2744,0.19685198
2745,0.19768299
2746,0.19046342
2747,0.1928329
2748,0.19237597
2749,0.18662213
2750,0.1720188
2751,0.15581967
2752,0.16764235
2753,0.17746037
2754,0.1849112
2755,0.19178094
2756,0.19655973
2757,0.1958676
2758,0.18914682
2759,0.18825312
2760,0.19726253
2761,0.19708794
2762,0.18794991
2763,0.18712902
2764,0.19449931
2765,0.19514222
2766,0.19372985
2767,0.19447742
2768,0.19144453
2769,0.17773643
2770,0.16537395
2771,0.18121094
2772,0.18726085
2773,0.18450764
2774,0.18658486
2775,0.19357176
2776,0.19144507
2777,0.19159144
2778,0.1928298
2779,0.19242133
2780,0.18910296
2781,0.18724333
2782,0.19460246
2783,0.19065295
2784,0.1858118
2785,0.18719652
2786,0.18700907
2787,0.18283497
2788,0.19512402
2789,0.19543648
2790,0.19559442
2791,0.18990798
2792,0.1874785
2793,0.19561379
2794,0.18679649
2795,0.19522059
2796,0.19193766
2797,0.18830429
2798,0.19078314
2799,0.19138683
2800,0.19290832
2801,0.1898619
2802,0.18546906
2803,0.19085337
2804,0.19639325
2805,0.19003244
2806,0.19119236
2807,0.18760121
2808,0.19355269
2809,0.1887274
2810,0.18198913
2811,0.19200799
2812,0.1886505
2813,0.19773088
2814,0.19651493
2815,0.1956674
2816,0.19706628
2817,0.18972541
2818,0.18304949
2819,0.19516511
2820,0.1935318
2821,0.19287793
2822,0.19819614
2823,0.19764186
2824,0.19804102
2825,0.19888125
2826,0.19858243
2827,0.19817619
2828,0.19828986
2829,0.19952591
2830,0.20220147
2831,0.19572112
2832,0.19961026
2833,0.19706607
2834,0.19355798
2835,0.20368318
2836,0.19998263
2837,0.19962622
2838,0.20472248
2839,0.21009988
2840,0.2053593
2841,0.19734378
2842,0.21807009
2843,0.21138369
2844,0.19586511
2845,0.19629604
2846,0.20991413
2847,0.2156785
2848,0.20683268
2849,0.20417461
2850,0.20261523
2851,0.203644
2852,0.20438841
2853,0.2033743
2854,0.21072428
2855,0.20329283
2856,0.20541647
2857,0.20844331
2858,0.20616932
2859,0.2034882
2860,0.19746202
2861,0.19152561
2862,0.19417861
2863,0.19683032
2864,0.19909497
2865,0.20459633
2866,0.20170505
2867,0.19870104
2868,0.1999892
2869,0.20488578
2870,0.20473766
2871,0.19824946
2872,0.2040267
2873,0.20035723
2874,0.20352398
2875,0.19761157
2876,0.19130394
2877,0.20390035
2878,0.20742022
2879,0.19908457
2880,0.19718191
2881,0.19653836
2882,0.19184993
2883,0.18699118
2884,0.18684979
2885,0.19335218
2886,0.20485327
2887,0.20624116
2888,0.20422919
2889,0.20704949
2890,0.19158623
2891,0.20784062
2892,0.20844136
2893,0.20299438
2894,0.2020156
2895,0.20060647
2896,0.2047493
2897,0.19578266
2898,0.19553874
2899,0.19790214
2900,0.19928405
2901,0.2033706
2902,0.20236114
2903,0.1996131
2904,0.20079777
2905,0.2047276
2906,0.20542583
2907,0.20073178
2908,0.19958863
2909,0.20154639
2910,0.20477447
2911,0.20505762
2912,0.20808464
2913,0.21530412
2914,0.20660761
2915,0.20317888
2916,0.20998043
2917,0.21210542
2918,0.21014895
2919,0.21223365
2920,0.20727783
2921,0.21241675
2922,0.20814759
2923,0.20594707
2924,0.21249525
2925,0.21722725
2926,0.21170403
2927,0.20723155
2928,0.2165016
2929,0.22073813
2930,0.21579482
2931,0.21578133
2932,0.2206994
2933,0.21699497
2934,0.2186348
2935,0.21593668
2936,0.21195859
2937,0.21861938
2938,0.22242792
2939,0.21674304
2940,0.22209342
2941,0.22049414
2942,0.2163566
2943,0.22488385
2944,0.21948975
2945,0.2198906
2946,0.22209361
2947,0.22255361
2948,0.22139448
2949,0.22032881
2950,0.22176813
2951,0.23000248
2952,0.2272209
2953,0.22521274
2954,0.22718942
2955,0.22573756
2956,0.22855476
2957,0.23131213
2958,0.23263122
2959,0.23294532
2960,0.23484008
2961,0.23600066
2962,0.22699222
2963,0.23035868
2964,0.2333792
2965,0.23475976
2966,0.23900038
2967,0.24148111
2968,0.2283508
2969,0.22880341
2970,0.23747769
2971,0.23164482
2972,0.22260523
2973,0.2300577
2974,0.22608551
2975,0.22908251
2976,0.23082773
2977,0.22667989
2978,0.22395205
2979,0.22841868
2980,0.22628905
2981,0.21450204
2982,0.21750362
2983,0.22270583
2984,0.22002105
2985,0.21641639
2986,0.21812065
2987,0.21596336
2988,0.21680585
2989,0.21734872
2990,0.21559182
2991,0.2130537
2992,0.20895387
2993,0.21091111
2994,0.20777825
2995,0.20932512
2996,0.20874085
2997,0.19948652
2998,0.21067987
2999,0.19805521
3000,0.19901124
3001,0.2057515
3002,0.20346828
3003,0.197453
3004,0.20151658
3005,0.20028612
3006,0.19672923
3007,0.19990148
3008,0.20292136
3009,0.19713977
3010,0.19920415
3011,0.20100966
3012,0.19355735
3013,0.19235605
3014,0.19546248
3015,0.19084115
3016,0.19159117
3017,0.18516903
3018,0.19007361
3019,0.19649889
3020,0.19521423
3021,0.19082575
3022,0.18992393
3023,0.18623225
3024,0.18647555
3025,0.18878101
3026,0.1891448
3027,0.187523
3028,0.18778485
3029,0.18776157
3030,0.18260364
3031,0.18070537
3032,0.18127388
3033,0.17830046
3034,0.18090373
3035,0.18733554
3036,0.18630622
3037,0.18319222
3038,0.181239
3039,0.17406338
3040,0.1560534
3041,0.14377311
3042,0.16500254
3043,0.18332392
3044,0.18220082
3045,0.18015967
3046,0.18111569
3047,0.17324048
3048,0.18077011
3049,0.1834812
3050,0.18194483
3051,0.18756531
3052,0.1718076
3053,0.18046913
3054,0.17671041
3055,0.17520796
3056,0.18137218
3057,0.18135817
3058,0.18315895
3059,0.17556268
3060,0.17172103
3061,0.17324431
3062,0.17633875
3063,0.1791143
3064,0.18135053
3065,0.17619035
3066,0.1723984
3067,0.17724563
3068,0.17937838
3069,0.16930126
3070,0.17206089
3071,0.18515371
3072,0.1772238
3073,0.1663421
3074,0.17190203
3075,0.18069255
3076,0.1627684
3077,0.17288026
3078,0.17178173
3079,0.17296924
3080,0.17719361
3081,0.1686594
3082,0.16927399
3083,0.17476054
3084,0.17212783
3085,0.17276156
3086,0.1754833
3087,0.17179933
3088,0.17548518
3089,0.16943106
3090,0.17293745
3091,0.17084177
3092,0.16430788
3093,0.16793026
3094,0.16459353
3095,0.15430175
3096,0.14115036
3097,0.1409131
3098,0.15387298
3099,0.16388112
3100,0.16431291
3101,0.17437299
3102,0.17077008
3103,0.16533612
3104,0.16789079
3105,0.16885342
3106,0.15911941
3107,0.16336212
3108,0.16902666
3109,0.16824384
3110,0.1550985
3111,0.13299099
3112,0.12956554
3113,0.15649901
3114,0.16480234
3115,0.16300738
3116,0.16252732
3117,0.16068563
3118,0.16585526
3119,0.16833265
3120,0.16008496
3121,0.16163376
3122,0.16946283
3123,0.16612434
3124,0.16944627
3125,0.17128035
3126,0.16235387
3127,0.1695976
3128,0.17678283
3129,0.16019328
3130,0.17431329
3131,0.1644339
3132,0.16689955
3133,0.16322005
3134,0.14627796
3135,0.13626152
3136,0.13726728
3137,0.16066638
3138,0.1672799
3139,0.16523643
3140,0.16559905
3141,0.16681173
3142,0.17260985
3143,0.17024362
3144,0.16419922
3145,0.16295677
3146,0.163077
3147,0.16092525
3148,0.16975746
3149,0.16547184
3150,0.1654289
3151,0.16610496
3152,0.1634644
3153,0.16395237
3154,0.17155856
3155,0.16903605
3156,0.16746454
3157,0.16340251
3158,0.16062713
3159,0.16585393
3160,0.16580795
3161,0.1682263
3162,0.16155289
3163,0.16127217
3164,0.16773082
3165,0.16491872
3166,0.15809266
3167,0.16225763
3168,0.16819204
3169,0.16713414
3170,0.16490631
3171,0.16864981
3172,0.16666013
3173,0.17136887
3174,0.16968513
3175,0.16421418
3176,0.16345353
3177,0.16841005
3178,0.16866222
3179,0.16542958
3180,0.1627454
3181,0.16238101
3182,0.16504288
3183,0.16764139
3184,0.16356078
3185,0.16878359
3186,0.16558807
3187,0.16333985
3188,0.16479993
3189,0.16114166
3190,0.1586649
3191,0.1659299
3192,0.16496934
3193,0.15892348
3194,0.16127835
3195,0.1701889
3196,0.15935269
3197,0.16101849
3198,0.15839368
3199,0.15496391
3200,0.15640551
3201,0.16070215
3202,0.16568397
3203,0.16288501
3204,0.16369125
3205,0.16342495
3206,0.16240147
3207,0.16466092
3208,0.16055687
3209,0.16119856
3210,0.16176324
3211,0.15842141
3212,0.14834177
3213,0.13958697
3214,0.15548486
3215,0.16668145
3216,0.1679619
3217,0.16700768
3218,0.16542657
3219,0.1606091
3220,0.15868221
3221,0.160804
3222,0.1635859
3223,0.16583753
3224,0.16534938
3225,0.16092284
3226,0.15800458
3227,0.1592997
3228,0.16083351
3229,0.1636847
3230,0.16147539
3231,0.15284345
3232,0.16023506
3233,0.16191499
3234,0.16200021
3235,0.15588012
3236,0.15473214
3237,0.16747217
3238,0.1632813
3239,0.1654135
3240,0.16079162
3241,0.16035008
3242,0.16542564
3243,0.16482356
3244,0.16402948
3245,0.16418748
3246,0.15954733
3247,0.16131702
3248,0.1648164
3249,0.15939721
3250,0.16297045
3251,0.1592261
3252,0.15812269
3253,0.1613569
3254,0.1630359
3255,0.16110277
3256,0.16393396
3257,0.16131559
3258,0.16325572
3259,0.16393106
3260,0.1597078
3261,0.15932386
3262,0.16976458
3263,0.15691224
3264,0.15890822
3265,0.16161452
3266,0.15530044
3267,0.1542473
3268,0.16069923
3269,0.15960826
3270,0.15798967
3271,0.15977263
3272,0.16158532
3273,0.16102542
3274,0.16476162
3275,0.16480744
3276,0.16293238
3277,0.16019
3278,0.15697464
3279,0.15425014
3280,0.15495469
3281,0.16637278
3282,0.15239997
3283,0.15463816
3284,0.17178105
3285,0.16382855
3286,0.16065964
3287,0.16203594
3288,0.16354972
3289,0.16048294
3290,0.16198833
3291,0.17123008
3292,0.1593917
3293,0.15922749
3294,0.1579657
3295,0.16645803
3296,0.17256142
3297,0.15988529
3298,0.1669589
3299,0.16323762
3300,0.15647657
3301,0.16049226
3302,0.16556577
3303,0.1579923
3304,0.16003115
3305,0.16449909
3306,0.16390358
3307,0.16733612
3308,0.16768353
3309,0.15802018
3310,0.16886751
3311,0.16681354
3312,0.1564493
3313,0.16577977
3314,0.17702627
3315,0.16126026
3316,0.16539127
3317,0.16777775
3318,0.16171774
3319,0.16336092
3320,0.1699161
3321,0.16672084
3322,0.1672668
3323,0.16918966
3324,0.16353059
3325,0.1692111
3326,0.17862083
3327,0.16846605
3328,0.16159844
3329,0.16961013
3330,0.17028296
3331,0.16516413
3332,0.16369334
3333,0.16580445
3334,0.16176566
3335,0.16486451
3336,0.1704693
3337,0.16775739
3338,0.16206679
3339,0.16467644
3340,0.16451305
3341,0.16273986
3342,0.15941487
3343,0.16151835
3344,0.16387182
3345,0.15894707
3346,0.16241474
3347,0.16412091
3348,0.1562091
3349,0.15954892
3350,0.17040285
3351,0.16741996
3352,0.1651533
3353,0.16567668
3354,0.16192652
3355,0.15923393
3356,0.16209708
3357,0.16558063
3358,0.16133897
3359,0.16403861
3360,0.16397095
3361,0.1640577
3362,0.16221692
3363,0.1557816
3364,0.16120283
3365,0.16446795
3366,0.15864351
3367,0.15743932
3368,0.16087648
3369,0.1602667
3370,0.16731724
3371,0.16319974
3372,0.15993878
3373,0.1611902
3374,0.16425039
3375,0.16609947
3376,0.16412038
3377,0.15409854
3378,0.15764038
3379,0.16038233
3380,0.15407373
3381,0.15172927
3382,0.16187435
3383,0.16669522
3384,0.16105051
3385,0.15574946
3386,0.15484957
3387,0.15582776
3388,0.16310434
3389,0.16123074
3390,0.15443346
3391,0.15435489
3392,0.16071516
3393,0.16173981
3394,0.15371454
3395,0.15569586
3396,0.15667132
3397,0.15624684
3398,0.15552023
3399,0.15383022
3400,0.1549725
3401,0.15052438
3402,0.14570433
3403,0.14946242
3404,0.15818031
3405,0.15914199
3406,0.1533723
3407,0.16544616
3408,0.15265732
3409,0.14779809
3410,0.15970036
3411,0.15905015
3412,0.15634617
3413,0.14785902
3414,0.15515108
3415,0.15772839
3416,0.15267977
3417,0.15499526
3418,0.14816186
3419,0.15340325
3420,0.14924766
3421,0.14783788
3422,0.1544708
3423,0.15711671
3424,0.15610075
3425,0.1540115
3426,0.15786226
3427,0.16373006
3428,0.16187927
3429,0.15316264
3430,0.15747426
3431,0.14989227
3432,0.14746454
3433,0.15036696
3434,0.15319125
3435,0.1537175
3436,0.14966607
3437,0.14838272
3438,0.15600298
3439,0.15801147
3440,0.15430227
3441,0.1553263
3442,0.14916293
3443,0.14396907
3444,0.15045093
3445,0.15379581
3446,0.15154865
3447,0.1526396
3448,0.14738628
3449,0.15418771
3450,0.15302853
3451,0.14626716
3452,0.14313567
3453,0.14781739
3454,0.15790558
3455,0.14831233
3456,0.14454445
3457,0.15009728
3458,0.15542156
3459,0.15484291
3460,0.15225853
3461,0.14632325
3462,0.15600617
3463,0.15075031
3464,0.13873683
3465,0.15110777
3466,0.14563155
3467,0.1359208
3468,0.12263845
3469,0.12920095
3470,0.14938928
3471,0.1514899
3472,0.14199734
3473,0.15364213
3474,0.15370974
3475,0.14733024
3476,0.14666204
3477,0.1484108
3478,0.14530902
3479,0.14721385
3480,0.14640574
3481,0.14319298
3482,0.14482301
3483,0.1511997
3484,0.14592849
3485,0.14738987
3486,0.1451071
3487,0.14414784
3488,0.14560552
3489,0.13842903
3490,0.11743195
3491,0.10741957
3492,0.1340297
3493,0.14984493
3494,0.14327553
3495,0.14597984
3496,0.14579463
3497,0.14420906
3498,0.14699592
3499,0.14623652
3500,0.14502698
3501,0.15527852
3502,0.16216762
3503,0.11813325
3504,0.13628939
3505,0.15780646
3506,0.14786793
3507,0.14858171
3508,0.14671452
3509,0.14251779
3510,0.14929727
3511,0.15394372
3512,0.15293548
3513,0.15286422
3514,0.14271277
3515,0.14554147
3516,0.14917736
3517,0.14750734
3518,0.14929193
3519,0.15626769
3520,0.14262979
3521,0.14330812
3522,0.14299569
3523,0.14435312
3524,0.1482404
3525,0.14833847
3526,0.14944015
3527,0.14551604
3528,0.14895564
3529,0.14873655
3530,0.1457778
3531,0.15013349
3532,0.14665696
3533,0.15121017
3534,0.14745836
3535,0.14690301
3536,0.15116705
3537,0.14829853
3538,0.1477262
3539,0.14970528
3540,0.1445751
3541,0.14103802
3542,0.14404081
3543,0.14659919
3544,0.14365263
3545,0.14521855
3546,0.14514032
3547,0.1444111
3548,0.14368264
3549,0.1423662
3550,0.14517362
3551,0.14540191
3552,0.1458887
3553,0.14298087
3554,0.14075921
3555,0.14710769
3556,0.15306948
3557,0.1537713
3558,0.14895545
3559,0.14378184
3560,0.14334442
3561,0.14445798
3562,0.1363809
3563,0.14774339
3564,0.14935376
3565,0.14207378
3566,0.13976763
3567,0.14494695
3568,0.14415078
3569,0.14252377
3570,0.14335445
3571,0.14498976
3572,0.14557101
3573,0.14560923
3574,0.14680876
3575,0.14632168
3576,0.14727901
3577,0.14573914
3578,0.14312579
3579,0.14453489
3580,0.14463915
3581,0.14617358
3582,0.14781925
3583,0.14736654
3584,0.14448164
3585,0.1423702
3586,0.14532742
3587,0.14333783
3588,0.14567843
3589,0.13975035
3590,0.13187297
3591,0.13937424
3592,0.14090288
3593,0.14298232
3594,0.1445608
3595,0.14373375
3596,0.14098735
3597,0.14067365
3598,0.14680293
3599,0.1409892
3600,0.14168158
3601,0.14300412
3602,0.14132689
3603,0.14308968
3604,0.14447068
3605,0.1472554
3606,0.14547436
3607,0.14656158
3608,0.14969456
3609,0.14450239
3610,0.13409351
3611,0.13131909
3612,0.13651003
3613,0.14189202
3614,0.14210647
3615,0.13929977
3616,0.14143884
3617,0.14709793
3618,0.14519301
3619,0.14418173
3620,0.14599276
3621,0.1461445
3622,0.1540607
3623,0.14610736
3624,0.14538394
3625,0.14883538
3626,0.1458333
3627,0.1391717
3628,0.14320087
3629,0.14521042
3630,0.14212629
3631,0.14271155
3632,0.14335741
3633,0.13633549
3634,0.13960071
3635,0.14866121
3636,0.1440133
3637,0.14026006
3638,0.14426035
3639,0.1441259
3640,0.13926883
3641,0.14130883
3642,0.14594612
3643,0.1443856
3644,0.14215827
3645,0.14735214
3646,0.1428995
3647,0.13875505
3648,0.1426211
3649,0.14266813
3650,0.13909858
3651,0.14182313
3652,0.13943799
3653,0.13625403
3654,0.1417292
3655,0.1392717
3656,0.13159263
3657,0.1401549
3658,0.15339391
3659,0.13881256
3660,0.13596338
3661,0.14530824
3662,0.14921509
3663,0.14181285
3664,0.13654605
3665,0.1361722
3666,0.143316
3667,0.14639498
3668,0.14200239
3669,0.13928843
3670,0.14145675
3671,0.13897419
3672,0.14235075
3673,0.14382671
3674,0.13939118
3675,0.13628048
3676,0.13787523
3677,0.14522286
3678,0.14051935
3679,0.13627861
3680,0.13767257
3681,0.13649088
3682,0.14037646
3683,0.14128436
3684,0.14345391
3685,0.14140297
3686,0.1363481
3687,0.13636845
3688,0.13362716
3689,0.10680772
3690,0.12902398
3691,0.15374008
3692,0.14635141
3693,0.13394454
3694,0.12862429
3695,0.13778064
3696,0.13889843
3697,0.13788866
3698,0.13943309
3699,0.13791028
3700,0.13929144
3701,0.14615087
3702,0.14191252
3703,0.13928995
3704,0.14355242
3705,0.14346318
3706,0.14011022
3707,0.1418056
3708,0.14495645
3709,0.140932
3710,0.1353354
3711,0.13956268
3712,0.14205807
3713,0.13810252
3714,0.13449174
3715,0.13741909
3716,0.14611903
3717,0.14648934
3718,0.122533426
3719,0.13653411
3720,0.13906015
3721,0.1398814
3722,0.14432354
3723,0.13732676
3724,0.14224401
3725,0.15136662
3726,0.14383791
3727,0.13505435
3728,0.13730256
3729,0.14333676
3730,0.14471522
3731,0.13899565
3732,0.1436584
3733,0.14184391
3734,0.13344178
3735,0.13689029
3736,0.13856527
3737,0.14204343
3738,0.1414724
3739,0.14257176
3740,0.1451477
3741,0.14328207
3742,0.14342134
3743,0.14032306
3744,0.14148946
3745,0.13838486
3746,0.13342811
3747,0.13761644
3748,0.13922887
3749,0.14186949
3750,0.14231089
3751,0.13873759
3752,0.13671185
3753,0.14029934
3754,0.13884191
3755,0.14583158
3756,0.14332312
3757,0.14377505
3758,0.14825621
3759,0.1423891
3760,0.13926584
3761,0.14479573
3762,0.14560439
3763,0.144937
3764,0.14423625
3765,0.14073443
3766,0.1384408
3767,0.10091504
3768,0.059707694
3769,0.075573884
3770,0.12839417
3771,0.14345907
3772,0.13668361
3773,0.13931279
3774,0.13933271
3775,0.13980123
3776,0.1442931
3777,0.14559281
3778,0.13831064
3779,0.14334688
3780,0.1422579
3781,0.14297643
3782,0.14863782
3783,0.14804523
3784,0.14401536
3785,0.14667626
3786,0.14510252
3787,0.14362952
3788,0.14371803
3789,0.14144248
3790,0.14409542
3791,0.14368698
3792,0.14847921
3793,0.14938414
3794,0.1444713
3795,0.14314976
3796,0.14339848
3797,0.14439335
3798,0.14429004
3799,0.14421834
3800,0.14619459
3801,0.14983685
3802,0.15019308
3803,0.14526193
3804,0.14270273
3805,0.121406265
3806,0.086885
3807,0.0848632
3808,0.13579197
3809,0.14083911
3810,0.14060377
3811,0.1448353
3812,0.14650433
3813,0.1463945
3814,0.14609991
3815,0.15241414
3816,0.13403995
3817,0.10011907
3818,0.090521045
3819,0.122646205
3820,0.13810182
3821,0.13882734
3822,0.13778482
3823,0.108264826
3824,0.08313254
3825,0.11806283
3826,0.13907775
3827,0.1433715
3828,0.14059809
3829,0.14229667
3830,0.14712927
3831,0.14542118
3832,0.14147481
3833,0.14498748
3834,0.14259315
3835,0.14766216
3836,0.1551815
3837,0.13365458
3838,0.07772183
3839,0.04138163
3840,0.084221736
3841,0.13256715
3842,0.14064397
3843,0.14046891
3844,0.14355317
3845,0.14513505
3846,0.1464233
3847,0.14523277
3848,0.14383431
3849,0.14686255
3850,0.14838634
3851,0.14547555
3852,0.1464834
3853,0.14947158
3854,0.14991815
3855,0.14592047
3856,0.13954811
3857,0.15055609
3858,0.1491417
3859,0.14454165
3860,0.14683849
3861,0.1471078
3862,0.14193189
3863,0.14234984
3864,0.14115366
3865,0.13943326
3866,0.14004506
3867,0.1433599
3868,0.15000398
3869,0.15140443
3870,0.14422996
3871,0.14031923
3872,0.14060064
3873,0.1380266
3874,0.14362116
3875,0.14155826
3876,0.14449318
3877,0.14391957
3878,0.14137161
3879,0.146891
3880,0.14230229
3881,0.14264289
3882,0.14324743
3883,0.14208107
3884,0.14058687
3885,0.1407569
3886,0.14351049
3887,0.14519101
3888,0.14476846
3889,0.1439401
3890,0.1429417
3891,0.1416659
3892,0.14238797
3893,0.1335811
3894,0.13430208
3895,0.14090234
3896,0.14560528
3897,0.14799221
3898,0.14658105
3899,0.1437499
3900,0.13515948
3901,0.13691074
3902,0.14515144
3903,0.13780853
3904,0.12689957
3905,0.13617373
3906,0.14360084
3907,0.14564434
3908,0.14057848
3909,0.12838435
3910,0.13239993
3911,0.13650647
3912,0.1409708
3913,0.14365289
3914,0.1424469
3915,0.14034072
3916,0.14341034
3917,0.14235647
3918,0.14332339
3919,0.14558521
3920,0.14589098
3921,0.14433669
3922,0.14387003
3923,0.14149763
3924,0.14331797
3925,0.14038566
3926,0.13312304
3927,0.13548096
3928,0.14691421
3929,0.14363204
3930,0.14289726
3931,0.14298125
3932,0.12683907
3933,0.10363379
3934,0.13490906
3935,0.14907163
3936,0.1464214
3937,0.14326608
3938,0.14358413
3939,0.1422962
3940,0.14304173
3941,0.14545989
3942,0.14282109
3943,0.14112297
3944,0.1411422
3945,0.13925715
3946,0.14501809
3947,0.14075395
3948,0.13781726
3949,0.13559346
3950,0.13550061
3951,0.1421021
3952,0.14277773
3953,0.1323072
3954,0.13218434
3955,0.14161812
3956,0.14525577
3957,0.13660406
3958,0.1364713
3959,0.14205796
3960,0.13991766
3961,0.12564994
3962,0.12173658
3963,0.14581594
3964,0.1511781
3965,0.14688095
3966,0.14254923
3967,0.14083639
3968,0.14153151
3969,0.13741519
3970,0.117909744
3971,0.14304294
3972,0.15566535
3973,0.14483884
3974,0.13524137
3975,0.14033286
3976,0.13544178
3977,0.13293594
3978,0.094217315
3979,0.12023967
3980,0.18246278
3981,0.15088916
3982,0.13985847
3983,0.14029415
3984,0.13953327
3985,0.13960993
3986,0.1398051
3987,0.1360444
3988,0.13626325
3989,0.13393272
3990,0.1348979
3991,0.1407588
3992,0.14483869
3993,0.14131606
3994,0.13961567
3995,0.13823125
3996,0.13254204
3997,0.120782234
3998,0.12718263
3999,0.16081922
4000,0.14741842
4001,0.1443826
4002,0.14373408
4003,0.14266476
4004,0.14049992
4005,0.13765755
4006,0.14791737
4007,0.1468787
4008,0.13599893
4009,0.13890581
4010,0.15129992
4011,0.14445794
4012,0.12717275
4013,0.12923905
4014,0.13444872
4015,0.14557132
4016,0.1616176
4017,0.16029494
4018,0.12579764
4019,0.13009104
4020,0.13747503
4021,0.13586086
4022,0.13243428
4023,0.131141
4024,0.12978555
4025,0.1288266
4026,0.124563605
4027,0.1270125
4028,0.1321864
4029,0.12622324
4030,0.124514155
4031,0.13373157
4032,0.13403054
4033,0.1346787
4034,0.14170973
4035,0.14598234
4036,0.14770421
4037,0.14493889
4038,0.13639018
4039,0.13751654
4040,0.14337698
4041,0.1349269
4042,0.13081387
4043,0.13766283
4044,0.13594325
4045,0.1373143
4046,0.14059114
4047,0.13193806
4048,0.13599712
4049,0.13689178
4050,0.13604377
4051,0.13744174
4052,0.13963504
4053,0.13890557
4054,0.13879427
4055,0.14110559
4056,0.13876045
4057,0.13811626
4058,0.14059627
4059,0.13825984
4060,0.13314563
4061,0.13922894
4062,0.1314298
4063,0.12978716
4064,0.1413189
4065,0.14250413
4066,0.13358806
4067,0.13292518
4068,0.14371346
4069,0.14369646
4070,0.13539091
4071,0.13982733
4072,0.1375346
4073,0.144986
4074,0.1314382
4075,0.1300439
4076,0.1449207
4077,0.14046195
4078,0.14088216
4079,0.1365789
4080,0.13640654
4081,0.14030133
4082,0.14498998
4083,0.14743897
4084,0.14223763
4085,0.14276983
4086,0.14184116
4087,0.1436407
4088,0.1435153
4089,0.1350834
4090,0.1421558
4091,0.13754988
4092,0.1341428
4093,0.14126451
4094,0.14603505
4095,0.13481766
4096,0.13400151
4097,0.13703716
4098,0.13743111
4099,0.13999002
4100,0.14041293
4101,0.1326405
4102,0.13727431
4103,0.1337615
4104,0.13638619
4105,0.1420464
4106,0.14109978
4107,0.13493633
4108,0.1378035
4109,0.13893414
4110,0.1388036
4111,0.13890971
4112,0.14003168
4113,0.14094919
4114,0.1380718
4115,0.1422502
4116,0.13512552
4117,0.13063878
4118,0.13653098
4119,0.13925327
4120,0.13600728
4121,0.13565558
4122,0.13491207
4123,0.13624275
4124,0.14102532
4125,0.14420015
4126,0.14056356
4127,0.14228575
4128,0.1373969
4129,0.13698657
4130,0.14227921
4131,0.13819215
4132,0.13118936
4133,0.13554281
4134,0.13597882
4135,0.13532235
4136,0.13783723
4137,0.13921541
4138,0.13888623
4139,0.13946776
4140,0.14235285
4141,0.1423783
4142,0.1352337
4143,0.12767924
4144,0.13671646
4145,0.13210735
4146,0.13298684
4147,0.13625889
4148,0.13556835
4149,0.13519174
4150,0.1355723
4151,0.13503015
4152,0.13794827
4153,0.14025727
4154,0.13788885
4155,0.13327344
4156,0.13355225
4157,0.1417531
4158,0.1381998
4159,0.13428901
4160,0.1363261
4161,0.13461761
4162,0.13390361
4163,0.12855795
4164,0.12043082
4165,0.14086777
4166,0.15114777
4167,0.10186239
4168,0.118171856
4169,0.13279009
4170,0.14072116
4171,0.11353936
4172,0.09040567
4173,0.13372374
4174,0.14364447
4175,0.14522849
4176,0.13048588
4177,0.1310786
4178,0.1425724
4179,0.1239488
4180,0.10563736
4181,0.12964943
4182,0.13396038
4183,0.13232125
4184,0.13595375
4185,0.12719226
4186,0.13340792
4187,0.13762163
4188,0.13422234
4189,0.13221142
4190,0.13537617
4191,0.13799791
4192,0.13551101
4193,0.11021655
4194,0.13379182
4195,0.042530857
4196,-0.033477943
4197,0.15719189
4198,0.13481462
4199,0.13658935
4200,0.13296364
4201,0.13086227
4202,0.13987227
4203,0.13763936
4204,0.13614856
4205,0.13226756
4206,0.13334717
4207,0.12528978
4208,0.11254494
4209,0.11766992
4210,0.12695424
4211,0.13062994
4212,0.14095868
4213,0.14242518
4214,0.1302324
4215,0.12387535
4216,0.12562467
4217,0.08686487
4218,0.031769734
4219,0.035502695
4220,0.09487043
4221,0.12794262
4222,0.12553878
4223,0.12895584
4224,0.13202402
4225,0.10323088
4226,0.0875459
4227,0.13756017
4228,0.12072227
4229,0.12346106
4230,0.12793696
4231,0.12920897
4232,0.12893268
4233,0.12221438
4234,0.11750865
4235,0.12831303
4236,0.1324799
4237,0.13313317
4238,0.13196684
4239,0.12482928
4240,0.12943187
4241,0.11546931
4242,0.10119758
4243,0.117663264
4244,0.14147232
4245,0.1296864
4246,0.1360357
4247,0.13012274
4248,0.12625362
4249,0.12925638
4250,0.1296611
4251,0.12155301
4252,0.121508665
4253,0.1253692
4254,0.13041502
4255,0.13647479
4256,0.13704151
4257,0.12897506
4258,0.13205275
4259,0.12442127
4260,0.12079091
4261,0.12040141
4262,0.12567064
4263,0.1397633
4264,0.1347654
4265,0.12429897
4266,0.1272701
4267,0.13124804
4268,0.13171186
4269,0.13790046
4270,0.13451786
4271,0.12446549
4272,0.12587975
4273,0.12483467
4274,0.12028496
4275,0.12905458
4276,0.13177569
4277,0.11127725
4278,0.12154953
4279,0.13773282
4280,0.13481434
4281,0.12961069
4282,0.12360352
4283,0.088780135
4284,0.12338552
4285,0.14588255
4286,0.12214329
4287,0.12645884
4288,0.1238027
4289,0.13197848
4290,0.13137463
4291,0.12937674
4292,0.12983221
4293,0.12614825
4294,0.13371564
4295,0.12825848
4296,0.1231482
4297,0.12238761
4298,0.12540089
4299,0.12999885
4300,0.12610847
4301,0.1370117
4302,0.12966155
4303,0.12666361
4304,0.13171706
4305,0.121176064
4306,0.13101913
4307,0.12578332
4308,0.12983401
4309,0.13456498
4310,0.12926286
4311,0.12423227
4312,0.12737846
4313,0.12567669
4314,0.12681414
4315,0.12681417
4316,0.12618564
4317,0.12976106
4318,0.124279656
4319,0.12647425
4320,0.12530825
4321,0.1261145
4322,0.12801781
4323,0.12252483
4324,0.12504824
4325,0.1253623
4326,0.12665115
4327,0.12589549
4328,0.12688391
4329,0.13509361
4330,0.13178796
4331,0.12426408
4332,0.12310965
4333,0.1300894
4334,0.13281667
4335,0.12230194
4336,0.123664916
4337,0.12633194
4338,0.12387626
4339,0.12152627
4340,0.12511852
4341,0.13063888
4342,0.12308878
4343,0.11204384
4344,0.122578815
4345,0.12876315
4346,0.12170435
4347,0.1256295
4348,0.13007699
4349,0.12171508
4350,0.11663551
4351,0.11572048
4352,0.11536431
4353,0.119549654
4354,0.13209139
4355,0.12814832
4356,0.120778985
4357,0.1211582
4358,0.1283913
4359,0.13206552
4360,0.12392944
4361,0.1246567
4362,0.12292664
4363,0.11895845
4364,0.12150632
4365,0.12964806
4366,0.12234118
4367,0.117764905
4368,0.11924908
4369,0.12437878
4370,0.12700133
4371,0.12359695
4372,0.12356185
4373,0.11810902
4374,0.11991929
4375,0.12127824
4376,0.12138217
4377,0.12768584
4378,0.12164671
4379,0.12358755
4380,0.12287617
4381,0.11557007
4382,0.114539765
4383,0.122527905
4384,0.10091421
4385,0.11556653
4386,0.121912174
4387,0.11737133
4388,0.11517996
4389,0.11541476
4390,0.121379845
4391,0.11505956
4392,0.11743804
4393,0.11504835
4394,0.108675085
4395,0.117772594
4396,0.11724277
4397,0.12501645
4398,0.11806177
4399,0.11482551
4400,0.121694915
4401,0.11805311
4402,0.115080565
4403,0.11506918
4404,0.11361909
4405,0.115464605
4406,0.116582334
4407,0.10974126
4408,0.114252195
4409,0.11402132
4410,0.115883656
4411,0.1196494
4412,0.11887952
4413,0.11319155
4414,0.116858795
4415,0.1196147
4416,0.11403543
4417,0.10216756
4418,0.09936371
4419,0.10598431
4420,0.078098625
4421,0.11697593
4422,0.123413555
4423,0.11599747
4424,0.12202695
4425,0.11606638
4426,0.1196781
4427,0.11069437
4428,0.11478539
4429,0.11194086
4430,0.10495768
4431,0.121187076
4432,0.11647682
4433,0.11233465
4434,0.11410859
4435,0.11583511
4436,0.1222191
4437,0.13246396
4438,0.10842019
4439,0.1239451
4440,0.12638329
4441,0.118294664
4442,0.11548609
4443,0.11301986
4444,0.120330535
4445,0.11926922
4446,0.116286054
4447,0.11352452
4448,0.11541699
4449,0.12058091
4450,0.101812504
4451,0.09647596
4452,0.08042344
4453,0.081284605
4454,0.108581334
4455,0.12672532
4456,0.12418638
4457,0.08714823
4458,0.11477338
4459,0.121452615
4460,0.09413926
4461,0.12639242
4462,0.11193693
4463,0.11715166
4464,0.12309843
4465,0.12587519
4466,0.12565635
4467,0.11822581
4468,0.120287634
4469,0.11581258
4470,0.118138894
4471,0.120839715
4472,0.11771621
4473,0.117055945
4474,0.12450442
4475,0.12201139
4476,0.111308075
4477,0.11378516
4478,0.120962456
4479,0.11746871
4480,0.14763753
4481,0.060660064
4482,0.08109653
4483,0.1272036
4484,0.11887457
4485,0.12993707
4486,0.11516785
4487,0.12968239
4488,0.11890643
4489,0.10884017
4490,0.11754481
4491,0.115793176
4492,0.11848744
4493,0.13016005
4494,0.121964544
4495,0.11925779
4496,0.12543325
4497,0.11605655
4498,0.13086466
4499,0.12232608
4500,0.13515462
4501,0.13031463
4502,0.10457117
4503,0.11529541
4504,0.12649165
4505,0.12856649
4506,0.12612605
4507,0.12590338
4508,0.12148294
4509,0.116737425
4510,0.15563571
4511,0.1205433
4512,0.10461939
4513,0.11725797
4514,0.12675944
4515,0.12788163
4516,0.12691954
4517,0.11768997
4518,0.12944654
4519,0.14552058
4520,0.13004947
4521,0.09394301
4522,0.12636943
4523,0.11833659
4524,0.11461624
4525,0.12072895
4526,0.122476265
4527,0.13577631
4528,0.18052356
4529,0.10380777
4530,0.09607336
4531,0.12338883
4532,0.1006361
4533,0.05115415
4534,0.02645168
4535,0.06240835
4536,0.084742025
4537,0.089254856
4538,0.10097282
4539,0.123151205
4540,0.13875073
4541,0.1159541
4542,0.11259411
4543,0.11738978
4544,0.084511824
4545,0.026318237
4546,0.062272217
4547,0.097266056
4548,0.13041508
4549,0.11559616
4550,0.08469011
4551,0.124885544
4552,0.14143
4553,0.14726639
4554,0.12735265
4555,0.13614297
4556,0.1485683
4557,0.09321602
4558,0.10492329
4559,0.113363124
4560,0.13601176
4561,0.1437345
4562,0.13128567
4563,0.13309035
4564,0.12674017
4565,0.15613285
4566,0.13403416
4567,0.12418621
4568,0.14480892
4569,0.12584773
4570,0.14035647
4571,0.12849037
4572,0.13037339
4573,0.14970814
4574,0.15474445
4575,0.12826185
4576,0.11384939
4577,0.12117454
4578,0.124014236
4579,0.12546591
4580,0.13780852
4581,0.15058236
4582,0.13036609
4583,0.13528669
4584,0.14097098
4585,0.13344876
4586,0.12715642
4587,0.13640378
4588,0.13393301
4589,0.13296603
4590,0.1550073
4591,0.13808109
4592,0.105936654
4593,0.14391476
4594,0.1346346
4595,0.14539082
4596,0.20085584
4597,0.28486714
4598,0.28505298
4599,0.14141339
4600,0.15020923
4601,0.19228257
4602,0.13907234
4603,0.10993366
4604,0.14804988
4605,0.14386325
4606,0.15139735
